{"stat.useItem.65":7,"stat.useItem.67":2,"stat.useItem.356":1,"stat.mineBlock.13":1,"stat.useItem.77":3,"stat.mineBlock.18":45,"stat.mineBlock.17":216,"stat.useItem.72":1,"stat.jump":232,"stat.useItem.126":10,"stat.swimOneCm":133,"stat.climbOneCm":1550,"stat.fallOneCm":1724,"achievement.exploreAllBiomes":{"value":0,"progress":["Birch Forest Hills","ForestHills","Roofed Forest","Birch Forest","Plains","TaigaHills","Extreme Hills+ M","Beach","Stone Beach","Extreme Hills+","River","Forest","Ocean","Taiga","Extreme Hills","Deep Ocean"]},"stat.useItem.42":54,"stat.useItem.44":18,"stat.useItem.331":1,"stat.useItem.330":2,"stat.damageTaken":125,"stat.mineBlock.3":1,"stat.useItem.49":1,"stat.useItem.53":3,"stat.useItem.54":1,"stat.flyOneCm":2915505,"stat.useItem.102":4,"stat.useItem.101":1,"stat.useItem.109":1,"stat.damageDealt":970,"stat.useItem.20":19,"stat.killEntity.Bat":12,"stat.useItem.276":12,"stat.walkOneCm":484313,"stat.useItem.160":33,"stat.useItem.324":1,"achievement.mineWood":94,"stat.useItem.35":31,"stat.useItem.89":2,"stat.useItem.135":2,"stat.useItem.134":6,"stat.useItem.85":1,"achievement.openInventory":345,"stat.mobKills":12,"stat.useItem.98":1,"stat.mineBlock.35":4,"stat.drop":22,"stat.playOneMinute":332703,"stat.useItem.1":1,"stat.useItem.4":1,"stat.useItem.5":22,"stat.useItem.3":21,"stat.useItem.17":2,"stat.useItem.18":8,"stat.useItem.13":1,"stat.mineBlock.31":16,"stat.diveOneCm":413}