{
  "tools": {
    "axe": {
      "name": "Axe",
      "icon": "minecraft:diamond_axe",
      "toollist": [
        "TConstruct:hatchet",
        "minecraft:diamond_axe",
        "minecraft:golden_axe",
        "minecraft:iron_axe",
        "minecraft:stone_axe",
        "minecraft:wooden_axe"
      ],
      "blocklist": [
        "ExtraTrees:log/0",
        "ExtraTrees:log/1",
        "ExtraTrees:log/2",
        "ExtraTrees:log/3",
        "ExtraTrees:log/4",
        "ExtraTrees:log/5",
        "ExtraTrees:log/6",
        "ExtraTrees:log/7",
        "ExtraTrees:log/8",
        "ExtraTrees:log/9",
        "ExtraTrees:log/10",
        "ExtraTrees:log/11",
        "ExtraTrees:log/12",
        "ExtraTrees:log/13",
        "ExtraTrees:log/14",
        "ExtraTrees:log/15",
        "ExtraTrees:log/16",
        "ExtraTrees:log/17",
        "ExtraTrees:log/18",
        "ExtraTrees:log/19",
        "ExtraTrees:log/20",
        "ExtraTrees:log/21",
        "ExtraTrees:log/22",
        "ExtraTrees:log/23",
        "ExtraTrees:log/24",
        "ExtraTrees:log/25",
        "ExtraTrees:log/26",
        "ExtraTrees:log/27",
        "ExtraTrees:log/28",
        "ExtraTrees:log/29",
        "ExtraTrees:log/30",
        "ExtraTrees:log/31",
        "ExtraTrees:log/32",
        "ExtraTrees:log/33",
        "ExtraTrees:log/34",
        "ExtraTrees:log/35",
        "ExtraTrees:log/36",
        "ExtraTrees:log/37",
        "ExtraTrees:log/38",
        "ExtraTrees:log/39",
        "Forestry:fireproofLog1",
        "Forestry:fireproofLog2",
        "Forestry:fireproofLog3",
        "Forestry:fireproofLog4",
        "Forestry:fireproofLog5",
        "Forestry:fireproofLog6",
        "Forestry:fireproofLog7",
        "Forestry:fireproofLog8",
        "Forestry:leaves",
        "Forestry:log1",
        "Forestry:log2",
        "Forestry:log3",
        "Forestry:log4",
        "Forestry:log5",
        "Forestry:log6",
        "Forestry:log7",
        "Forestry:log8",
        "Natura:Dark Leaves",
        "Natura:Dark Tree/0",
        "Natura:Dark Tree/1",
        "Natura:Rare Leaves",
        "Natura:Rare Tree/0",
        "Natura:Rare Tree/1",
        "Natura:Rare Tree/2",
        "Natura:Rare Tree/3",
        "Natura:floraleaves",
        "Natura:floraleavesnocolor",
        "Natura:redwood/1",
        "Natura:tree/0",
        "Natura:tree/1",
        "Natura:tree/2",
        "Natura:tree/3",
        "Natura:willow/0",
        "minecraft:fence",
        "minecraft:leaves",
        "minecraft:leaves2",
        "minecraft:log",
        "minecraft:log2"
      ]
    },
    "crook": {
      "name": "Crook",
      "icon": "exnihilo:crook",
      "toollist": [
        "exnihilo:crook",
        "exnihilo:crook_bone"
      ],
      "blocklist": [
        "minecraft:leaves",
        "minecraft:leaves2",
        "minecraft:tallgrass",
        "minecraft:vine",
        "minecraft:web",
        "minecraft:wool"
      ]
    },
    "hammer": {
      "name": "Hammer",
      "icon": "exnihilo:hammer_stone",
      "toollist": [
        "exnihilo:hammer_diamond",
        "exnihilo:hammer_gold",
        "exnihilo:hammer_iron",
        "exnihilo:hammer_stone",
        "exnihilo:hammer_wood"
      ],
      "blocklist": [
        "exnihilo:aluminum_dust",
        "exnihilo:aluminum_gravel",
        "exnihilo:aluminum_sand",
        "exnihilo:copper_dust",
        "exnihilo:copper_gravel",
        "exnihilo:copper_sand",
        "exnihilo:dust",
        "exnihilo:ender_lead_gravel",
        "exnihilo:ender_platinum_gravel",
        "exnihilo:ender_silver_gravel",
        "exnihilo:ender_tin_gravel",
        "exnihilo:exnihilo.gravel_ender",
        "exnihilo:exnihilo.gravel_nether",
        "exnihilo:gold_dust",
        "exnihilo:gold_gravel",
        "exnihilo:gold_sand",
        "exnihilo:iron_dust",
        "exnihilo:iron_gravel",
        "exnihilo:iron_sand",
        "exnihilo:lead_dust",
        "exnihilo:lead_gravel",
        "exnihilo:lead_sand",
        "exnihilo:nether_copper_gravel",
        "exnihilo:nether_gold_gravel",
        "exnihilo:nether_iron_gravel",
        "exnihilo:nether_nickel_gravel",
        "exnihilo:nickel_dust",
        "exnihilo:nickel_gravel",
        "exnihilo:nickel_sand",
        "exnihilo:platinum_dust",
        "exnihilo:platinum_gravel",
        "exnihilo:platinum_sand",
        "exnihilo:silver_dust",
        "exnihilo:silver_gravel",
        "exnihilo:silver_sand",
        "exnihilo:tin_dust",
        "exnihilo:tin_gravel",
        "exnihilo:tin_sand",
        "minecraft:cobblestone",
        "minecraft:gravel",
        "minecraft:sand"
      ]
    },
    "hoe": {
      "name": "Hoe",
      "icon": "minecraft:diamond_hoe",
      "toollist": [
        "TConstruct:mattock",
        "minecraft:diamond_hoe",
        "minecraft:golden_hoe",
        "minecraft:iron_hoe",
        "minecraft:stone_hoe",
        "minecraft:wooden_hoe"
      ],
      "blocklist": [
        "minecraft:carrots",
        "minecraft:melon_block",
        "minecraft:potatoes",
        "minecraft:pumpkin",
        "minecraft:wheat"
      ]
    },
    "pickaxe": {
      "name": "Pickaxe",
      "icon": "minecraft:diamond_pickaxe",
      "toollist": [
        "TConstruct:pickaxe",
        "minecraft:diamond_pickaxe",
        "minecraft:golden_pickaxe",
        "minecraft:iron_pickaxe",
        "minecraft:stone_pickaxe",
        "minecraft:wooden_pickaxe"
      ],
      "blocklist": [
        "BigReactors:YelloriteOre/0",
        "Forestry:resources/0",
        "Forestry:resources/1",
        "Forestry:resources/2",
        "Metallurgy:base.ore/0",
        "Metallurgy:base.ore/1",
        "Metallurgy:base.ore/2",
        "Metallurgy:ender.ore/0",
        "Metallurgy:ender.ore/1",
        "Metallurgy:fantasy.ore/0",
        "Metallurgy:fantasy.ore/1",
        "Metallurgy:fantasy.ore/2",
        "Metallurgy:fantasy.ore/4",
        "Metallurgy:fantasy.ore/5",
        "Metallurgy:fantasy.ore/6",
        "Metallurgy:fantasy.ore/7",
        "Metallurgy:fantasy.ore/8",
        "Metallurgy:fantasy.ore/11",
        "Metallurgy:fantasy.ore/13",
        "Metallurgy:fantasy.ore/14",
        "Metallurgy:nether.ore/0",
        "Metallurgy:nether.ore/1",
        "Metallurgy:nether.ore/2",
        "Metallurgy:nether.ore/3",
        "Metallurgy:nether.ore/4",
        "Metallurgy:nether.ore/5",
        "Metallurgy:nether.ore/6",
        "Metallurgy:nether.ore/7",
        "Metallurgy:nether.ore/8",
        "Metallurgy:nether.ore/9",
        "Metallurgy:precious.ore/0",
        "Metallurgy:precious.ore/1",
        "Metallurgy:precious.ore/2",
        "Metallurgy:utility.ore/0",
        "Metallurgy:utility.ore/1",
        "Metallurgy:utility.ore/2",
        "Metallurgy:utility.ore/3",
        "Metallurgy:utility.ore/4",
        "Metallurgy:utility.ore/5",
        "TConstruct:GravelOre/0",
        "TConstruct:GravelOre/1",
        "TConstruct:GravelOre/2",
        "TConstruct:GravelOre/3",
        "TConstruct:GravelOre/4",
        "TConstruct:GravelOre/5",
        "TConstruct:SearedBrick/1",
        "TConstruct:SearedBrick/2",
        "TConstruct:SearedBrick/3",
        "TConstruct:SearedBrick/4",
        "TConstruct:SearedBrick/5",
        "ThermalFoundation:Ore/0",
        "ThermalFoundation:Ore/1",
        "ThermalFoundation:Ore/2",
        "ThermalFoundation:Ore/3",
        "ThermalFoundation:Ore/4",
        "ThermalFoundation:Ore/5",
        "ThermalFoundation:Ore/6",
        "appliedenergistics2:tile.OreQuartz/0",
        "appliedenergistics2:tile.OreQuartzCharged/0",
        "minechem:tile.oreUranium/0",
        "minecraft:coal_ore",
        "minecraft:cobblestone_wall",
        "minecraft:diamond_ore",
        "minecraft:emerald_ore",
        "minecraft:glowstone",
        "minecraft:gold_ore",
        "minecraft:iron_ore",
        "minecraft:lapis_ore",
        "minecraft:lit_redstone_ore",
        "minecraft:mossy_cobblestone",
        "minecraft:nether_brick_fence",
        "minecraft:obsidian",
        "minecraft:quartz_ore",
        "minecraft:redstone_ore"
      ]
    },
    "shears": {
      "name": "Shears",
      "icon": "minecraft:shears",
      "toollist": [
        "minecraft:shears"
      ],
      "blocklist": [
        "Forestry:leaves",
        "Natura:Dark Leaves",
        "Natura:Rare Leaves",
        "Natura:floraleaves",
        "Natura:floraleavesnocolor",
        "minecraft:deadbush",
        "minecraft:leaves",
        "minecraft:leaves2",
        "minecraft:tallgrass",
        "minecraft:vine",
        "minecraft:web",
        "minecraft:wool"
      ]
    },
    "shovel": {
      "name": "Shovel",
      "icon": "minecraft:diamond_shovel",
      "toollist": [
        "TConstruct:mattock",
        "TConstruct:shovel",
        "minecraft:diamond_shovel",
        "minecraft:golden_shovel",
        "minecraft:iron_shovel",
        "minecraft:stone_shovel",
        "minecraft:wooden_shovel"
      ],
      "blocklist": [
        "minecraft:clay",
        "minecraft:gravel"
      ]
    }
  }
}